type,expr,t0,tf,h,y0,expected_solution,expected_derivative
scalar,"y * t",0.0,1.0,0.001,1.0,1.64872127,0.0
scalar,"-y",0.0,1.0,0.001,1.0,0.367879441,-1.0
scalar,"y*(1-y)",0.0,2.0,0.001,0.1,0.45085306037928385,0.09
vector,"y1,-y2",0.0,1.0,0.001,"1.0,2.0","2.71828183,0.735758882","1.0,-2.0"
vector,"2 * y1 + y2,2 * y2",0.0,1.0,0.001,"1.0,2.0","22.1671683,14.7781122","4.0,4.0
vector,"-y1,-y2,-y3",0.0,1.0,0.001,"1.0,2.0,3.0","0.36787944117144233,0.7357588823428847,1.103638323514327","-1.0,-2.0,-3.0"