type,expr,t0,tf,h,y0,expected_final,expected_derivative
scalar,"y * t",0.0,1.0,0.001,1.0,1.64872127,0.0
scalar,"-y",0.0,1.0,0.001,1.0,0.367879441,-1.0
vector,"y0,-y1",0.0,1.0,0.001,"1.0,2.0","2.71828183,0.735758882","1.0,-2.0"
vector,"2 * y0 + y1,2 * y1",0.0,1.0,0.001,"1.0,2.0","22.1671683,14.7781122","4.0,4.0"